{"rmse": 19.050739288330078, "mae": 13.756095886230469}