{"rmse": 19.391643524169922, "mae": 14.292316436767578}